,run_2018,overall_2018
0,2.8488888888888892,8.41
1,3.0880555555555556,8.566944444444443
2,3.042777777777778,8.613333333333333
3,3.053611111111111,8.620833333333334
4,3.083888888888889,8.624166666666667
5,3.0169444444444444,8.62638888888889
6,3.002222222222222,8.641388888888889
7,2.9691666666666667,8.669166666666666
8,3.040277777777778,8.677222222222222
9,3.1619444444444444,8.69
10,3.0733333333333337,8.694444444444445
11,3.0252777777777777,8.708333333333332
12,3.143611111111111,8.73472222222222
13,3.181388888888889,8.760555555555555
14,3.2255555555555557,8.774722222222223
15,3.1222222222222222,8.780277777777778
16,3.238888888888889,8.79138888888889
17,3.2630555555555554,8.794444444444444
18,3.0455555555555556,8.802222222222223
19,3.322222222222222,8.842500000000001
20,3.129722222222222,8.847222222222223
21,3.402222222222222,8.85388888888889
22,3.3299999999999996,8.859444444444444
23,3.1802777777777775,8.862499999999999
24,3.2888888888888888,8.863888888888889
25,3.175,8.865555555555556
26,3.1638888888888888,8.865833333333333
27,3.1391666666666667,8.868611111111111
28,3.315833333333333,8.871944444444445
29,2.956666666666667,8.872777777777777
30,3.2519444444444443,8.877777777777778
31,3.206666666666667,8.884722222222221
32,3.4397222222222226,8.888055555555555
33,3.1597222222222223,8.895833333333332
34,3.1480555555555556,8.9
35,3.207777777777778,8.914722222222222
36,3.313333333333333,8.924166666666666
37,3.1505555555555556,8.925833333333333
38,3.283611111111111,8.935277777777777
39,3.252222222222222,8.935833333333333
40,3.266388888888889,8.936666666666667
41,3.2408333333333332,8.938333333333334
42,3.285833333333333,8.938611111111111
43,3.346388888888889,8.944722222222222
44,3.091666666666667,8.95111111111111
45,3.3594444444444447,8.952777777777778
46,3.281388888888889,8.954444444444444
47,3.336666666666667,8.956944444444444
48,3.413333333333333,8.958888888888888
49,3.206666666666667,8.962777777777777
50,3.311111111111111,8.965555555555556
51,3.118611111111111,8.966944444444444
52,3.4333333333333336,8.971944444444444
53,3.215555555555556,8.972777777777777
54,3.1830555555555553,8.980277777777777
55,3.2875,8.982777777777779
56,3.367777777777778,8.986944444444443
57,3.1308333333333334,8.993055555555555
58,3.3725,8.993888888888888
59,3.075,8.998333333333333
60,3.3483333333333336,9.001111111111111
61,3.2752777777777777,9.001666666666667
62,3.1516666666666664,9.007222222222222
63,3.324722222222222,9.015277777777778
64,3.319444444444444,9.019166666666667
65,3.313333333333333,9.0225
66,3.13,9.025555555555556
67,3.2816666666666667,9.026666666666667
68,3.351388888888889,9.028055555555556
69,3.4327777777777775,9.042222222222222
70,3.3505555555555557,9.050277777777778
71,3.3461111111111115,9.051388888888889
72,3.2849999999999997,9.055833333333334
73,3.4922222222222223,9.058611111111112
74,3.4697222222222224,9.060555555555556
75,3.4741666666666666,9.062777777777779
76,3.3369444444444447,9.067499999999999
77,3.1863888888888887,9.069722222222222
78,3.411388888888889,9.075833333333334
79,3.243888888888889,9.080833333333333
80,3.459166666666667,9.08361111111111
81,3.258611111111111,9.084166666666667
82,3.4097222222222223,9.084444444444445
83,3.3761111111111113,9.087777777777779
84,3.153888888888889,9.090555555555556
85,3.5255555555555556,9.092222222222222
86,3.355277777777778,9.093611111111112
87,3.326111111111111,9.094444444444445
88,3.4472222222222224,9.099444444444446
89,3.4519444444444445,9.1
90,3.1244444444444444,9.102777777777778
91,3.3369444444444447,9.105833333333333
92,3.433888888888889,9.111388888888888
93,3.475,9.116944444444444
94,3.5327777777777776,9.120000000000001
95,3.1913888888888886,9.122777777777777
96,3.3991666666666664,9.123055555555556
97,3.1733333333333333,9.125
98,3.0858333333333334,9.128055555555555
99,3.254722222222222,9.129722222222222
100,3.461666666666667,9.1325
101,3.240277777777778,9.139722222222222
102,3.3274999999999997,9.140555555555554
103,3.434444444444445,9.142222222222221
104,3.3852777777777776,9.145277777777777
105,3.345,9.146944444444443
106,3.2544444444444443,9.14861111111111
107,3.229444444444445,9.149444444444445
108,3.4630555555555556,9.151111111111112
109,3.3766666666666665,9.153611111111111
110,3.1980555555555554,9.15611111111111
111,3.5605555555555553,9.16638888888889
112,3.4411111111111112,9.1725
113,3.187222222222222,9.175277777777778
114,3.216666666666667,9.176388888888889
115,3.3383333333333334,9.180277777777777
116,3.011388888888889,9.181388888888888
117,3.3238888888888884,9.181666666666667
118,3.3994444444444443,9.182222222222222
119,3.3669444444444445,9.18388888888889
120,3.218055555555556,9.185
121,3.4586111111111113,9.188055555555556
122,3.3080555555555553,9.19111111111111
123,3.226388888888889,9.193055555555556
124,3.411111111111111,9.194444444444445
125,3.4444444444444446,9.195555555555556
126,3.2869444444444444,9.195833333333333
127,3.383888888888889,9.20111111111111
128,3.1105555555555555,9.205
129,3.495277777777778,9.20611111111111
130,3.4555555555555557,9.208888888888888
131,3.351388888888889,9.209999999999999
132,3.1758333333333333,9.210833333333333
133,3.6077777777777778,9.21361111111111
134,3.211388888888889,9.214722222222221
135,3.200555555555556,9.216111111111111
136,3.397777777777778,9.216666666666667
137,3.1266666666666665,9.222222222222223
138,3.564722222222222,9.226944444444445
139,3.319722222222222,9.22861111111111
140,3.4975,9.229444444444445
141,3.32,9.233888888888888
142,3.4191666666666665,9.238333333333333
143,3.2622222222222224,9.239166666666666
144,3.326111111111111,9.239722222222222
145,3.5352777777777775,9.241388888888888
146,3.2597222222222224,9.24611111111111
147,3.3380555555555556,9.246666666666666
148,3.5702777777777777,9.247222222222222
149,3.160833333333333,9.247499999999999
150,3.5605555555555553,9.25361111111111
151,3.533333333333333,9.255277777777778
152,3.553611111111111,9.2575
153,3.4105555555555553,9.258333333333333
154,3.2330555555555556,9.259444444444444
155,3.3780555555555556,9.261111111111111
156,3.533333333333333,9.265
157,3.397222222222222,9.268055555555556
158,3.3938888888888887,9.270555555555557
159,3.5372222222222223,9.271666666666668
160,3.392777777777778,9.271944444444445
161,3.3641666666666667,9.273055555555556
162,3.4516666666666667,9.273888888888889
163,3.4625000000000004,9.274166666666668
164,3.556111111111111,9.274722222222223
165,3.4266666666666663,9.275
166,3.339166666666667,9.275277777777779
167,3.397222222222222,9.277777777777779
168,3.3986111111111112,9.280555555555557
169,3.477222222222222,9.285555555555556
170,3.4647222222222225,9.286944444444444
171,3.097777777777778,9.2875
172,3.2369444444444446,9.28888888888889
173,3.098055555555556,9.291666666666666
174,3.2944444444444443,9.293333333333333
175,3.517777777777778,9.295
176,3.322222222222222,9.299722222222222
177,3.179722222222222,9.300833333333333
178,3.595277777777778,9.3025
179,3.4327777777777775,9.30638888888889
180,3.555833333333333,9.307222222222222
181,3.5475,9.310833333333335
182,3.2955555555555556,9.313611111111111
183,3.3091666666666666,9.314444444444446
184,3.4844444444444447,9.319166666666666
185,3.4283333333333332,9.319722222222222
186,3.443611111111111,9.320277777777777
187,3.5727777777777776,9.322777777777777
188,3.2780555555555555,9.322777777777777
189,3.5733333333333333,9.323888888888888
190,3.4766666666666666,9.325555555555555
191,3.5705555555555555,9.326666666666666
192,3.6025,9.328055555555554
193,3.3841666666666668,9.328333333333333
194,3.5686111111111107,9.329444444444444
195,3.3336111111111113,9.330277777777777
196,3.555833333333333,9.333333333333334
197,3.710277777777778,9.335555555555556
198,3.628888888888889,9.337777777777779
199,3.3099999999999996,9.338055555555556
200,3.551388888888889,9.33888888888889
201,3.1936111111111107,9.340277777777779
202,3.345,9.341666666666667
203,3.345,9.341944444444445
204,3.402222222222222,9.343611111111112
205,3.3575,9.345
206,3.5491666666666664,9.345833333333333
207,3.470555555555556,9.349166666666667
208,3.2847222222222223,9.350833333333332
209,3.4094444444444445,9.353333333333333
210,3.6574999999999998,9.354444444444445
211,3.445555555555556,9.354722222222222
212,3.4533333333333336,9.354722222222222
213,3.5122222222222224,9.355
214,3.5986111111111114,9.356666666666666
215,3.3336111111111113,9.357777777777777
216,3.601388888888889,9.358611111111111
217,3.271111111111111,9.358888888888888
218,3.5244444444444443,9.360277777777778
219,3.6708333333333334,9.361666666666666
220,3.6069444444444447,9.362222222222222
221,3.3511111111111114,9.362777777777778
222,3.395,9.365
223,3.5366666666666666,9.365833333333333
224,3.4780555555555557,9.370833333333334
225,3.5033333333333334,9.370833333333334
226,3.5941666666666667,9.371666666666668
227,3.568333333333333,9.372777777777777
228,3.4372222222222226,9.373055555555556
229,3.633611111111111,9.374166666666667
230,3.6125000000000003,9.375277777777779
231,3.6419444444444444,9.375555555555556
232,3.483888888888889,9.375833333333334
233,3.3980555555555556,9.376111111111111
234,3.6369444444444445,9.377222222222223
235,3.397222222222222,9.38
236,3.3302777777777774,9.380555555555556
237,3.5172222222222222,9.381111111111112
238,3.4908333333333332,9.38361111111111
239,3.801388888888889,9.385555555555555
240,3.4733333333333336,9.386666666666667
241,3.256111111111111,9.390277777777778
242,3.3938888888888887,9.390833333333333
243,3.5083333333333333,9.393055555555556
244,3.4922222222222223,9.395
245,3.4208333333333334,9.395833333333332
246,3.1780555555555554,9.396944444444443
247,3.303888888888889,9.397222222222222
248,3.6044444444444443,9.397222222222222
249,3.0877777777777777,9.397499999999999
250,3.383611111111111,9.398055555555555
251,3.348055555555556,9.399166666666666
252,3.4516666666666667,9.399722222222222
253,3.454166666666667,9.400555555555556
254,3.3358333333333334,9.401388888888889
255,3.463611111111111,9.403055555555556
256,3.3569444444444447,9.40611111111111
257,3.576666666666666,9.4075
258,3.4736111111111114,9.415555555555557
259,3.305833333333333,9.420833333333333
260,3.4077777777777776,9.420833333333333
261,3.4555555555555557,9.421666666666667
262,3.4941666666666666,9.422222222222222
263,3.731388888888889,9.422222222222222
264,3.655,9.424444444444443
265,3.2622222222222224,9.426944444444445
266,3.3358333333333334,9.43
267,3.310833333333333,9.431388888888888
268,3.6861111111111113,9.435833333333333
269,3.2525,9.439166666666667
270,3.5319444444444446,9.441666666666666
271,3.7358333333333333,9.4425
272,3.4472222222222224,9.448333333333334
273,3.575833333333333,9.449166666666667
274,3.3230555555555554,9.45111111111111
275,3.815833333333333,9.452777777777778
276,3.3955555555555557,9.45361111111111
277,3.4994444444444444,9.455555555555556
278,3.836666666666667,9.458055555555555
279,3.3955555555555557,9.46111111111111
280,3.75,9.46361111111111
281,3.8041666666666667,9.464444444444444
282,3.631666666666667,9.465277777777777
283,3.3738888888888887,9.465555555555556
284,3.553888888888889,9.467222222222222
285,3.471111111111111,9.467777777777778
286,3.3805555555555555,9.471388888888889
287,3.447777777777778,9.474444444444444
288,3.5641666666666665,9.47861111111111
289,3.2869444444444444,9.48
290,3.2869444444444444,9.48
291,3.6369444444444445,9.482777777777779
292,3.8536111111111113,9.487777777777778
293,3.826111111111111,9.488888888888889
294,3.7108333333333334,9.49111111111111
295,3.9675000000000002,9.492222222222221
296,3.415277777777778,9.492777777777777
297,3.5019444444444443,9.493333333333332
298,3.484166666666667,9.493333333333332
299,3.546111111111111,9.493888888888888
300,3.333055555555555,9.494444444444444
301,3.235,9.495555555555555
302,3.381111111111111,9.501666666666667
303,3.668333333333333,9.502222222222223
304,3.5141666666666667,9.503333333333334
305,3.515833333333333,9.50361111111111
306,3.6883333333333335,9.505833333333333
307,3.3783333333333334,9.508611111111112
308,3.6286111111111112,9.510277777777778
309,3.536388888888889,9.510833333333334
310,3.5855555555555556,9.51361111111111
311,3.505,9.515555555555556
312,3.368055555555556,9.517222222222223
313,3.6,9.520277777777778
314,3.776388888888889,9.52138888888889
315,3.3494444444444444,9.522222222222224
316,3.5080555555555555,9.5225
317,3.6102777777777777,9.5225
318,3.810833333333333,9.523333333333333
319,3.6033333333333335,9.527777777777779
320,3.717777777777778,9.527777777777779
321,3.399722222222222,9.530277777777778
322,3.758888888888889,9.531666666666668
323,3.3530555555555557,9.533333333333333
324,3.425,9.534444444444444
325,3.8252777777777776,9.536388888888888
326,3.6033333333333335,9.537222222222223
327,3.4138888888888888,9.539166666666667
328,3.481388888888889,9.539722222222222
329,3.1866666666666665,9.543333333333333
330,3.656388888888889,9.545277777777777
331,3.7688888888888887,9.546666666666667
332,3.811111111111111,9.548333333333334
333,3.383888888888889,9.54888888888889
334,3.4805555555555556,9.553611111111111
335,3.6294444444444447,9.556944444444445
336,3.539722222222222,9.562777777777779
337,3.299722222222222,9.566666666666666
338,3.326666666666666,9.567222222222222
339,3.268611111111111,9.567499999999999
340,3.686666666666667,9.568333333333333
341,3.6222222222222222,9.569166666666666
342,3.536111111111111,9.570277777777777
343,3.7536111111111112,9.575555555555555
344,3.459166666666667,9.57611111111111
345,3.5225,9.577222222222222
346,3.3005555555555555,9.578888888888889
347,3.2941666666666665,9.579166666666666
348,3.4205555555555556,9.581666666666667
349,3.4691666666666667,9.582777777777778
350,3.618333333333333,9.58361111111111
351,3.710277777777778,9.584444444444445
352,3.485,9.585833333333333
353,3.6144444444444446,9.588611111111112
354,3.3644444444444446,9.589444444444444
355,3.636111111111111,9.592500000000001
356,3.865,9.593333333333334
357,3.8175,9.596388888888889
358,3.6380555555555554,9.596388888888889
359,3.772777777777778,9.5975
360,3.7805555555555554,9.5975
361,3.5749999999999997,9.5975
362,3.8872222222222224,9.599166666666667
363,3.588611111111111,9.599722222222223
364,3.5444444444444443,9.599722222222223
365,3.7955555555555556,9.600833333333332
366,3.7655555555555558,9.601388888888888
367,3.7669444444444444,9.601666666666667
368,3.5033333333333334,9.602222222222222
369,3.4722222222222223,9.603055555555555
370,3.5641666666666665,9.60361111111111
371,3.3099999999999996,9.604444444444445
372,3.3647222222222224,9.604722222222222
373,3.526388888888889,9.606666666666666
374,3.4972222222222222,9.607222222222221
375,3.7519444444444443,9.608611111111111
376,3.720555555555556,9.610555555555555
377,3.536111111111111,9.612499999999999
378,3.4963888888888888,9.613333333333333
379,3.791111111111111,9.614444444444445
380,3.6875000000000004,9.615277777777777
381,3.565833333333333,9.616388888888888
382,3.7086111111111113,9.616944444444444
383,3.627222222222222,9.618055555555555
384,3.5602777777777774,9.619444444444445
385,3.593055555555556,9.619722222222222
386,3.5702777777777777,9.620277777777778
387,3.2866666666666666,9.621111111111112
388,3.6997222222222224,9.621944444444445
389,3.5883333333333334,9.622777777777777
390,3.554722222222222,9.623333333333333
391,3.716111111111111,9.623888888888889
392,3.569444444444444,9.623888888888889
393,3.9513888888888893,9.625555555555556
394,3.6269444444444443,9.626944444444446
395,3.736666666666667,9.629722222222222
396,3.7672222222222222,9.631666666666668
397,3.4877777777777776,9.631944444444445
398,3.794722222222222,9.634166666666665
399,3.8138888888888887,9.636666666666667
400,3.6824999999999997,9.637222222222222
401,3.555833333333333,9.63861111111111
402,3.4130555555555553,9.63888888888889
403,3.5669444444444443,9.639444444444443
404,3.768611111111111,9.640277777777778
405,3.7375000000000003,9.640833333333333
406,3.8544444444444443,9.646388888888888
407,3.450277777777778,9.646666666666667
408,3.5316666666666667,9.648333333333333
409,3.7725,9.649444444444445
410,3.333055555555555,9.650277777777777
411,3.5172222222222222,9.651111111111112
412,3.600277777777778,9.654444444444445
413,3.394722222222222,9.654722222222222
414,3.470277777777778,9.65611111111111
415,3.7330555555555556,9.658055555555556
416,3.3766666666666665,9.659722222222223
417,3.4719444444444445,9.663055555555555
418,3.4447222222222225,9.667777777777777
419,3.3983333333333334,9.670555555555556
420,3.805833333333333,9.673888888888888
421,3.6780555555555554,9.674444444444443
422,3.492777777777778,9.674444444444443
423,3.9347222222222227,9.676388888888889
424,3.556388888888889,9.67861111111111
425,3.517777777777778,9.679722222222221
426,3.625277777777778,9.681111111111111
427,3.508611111111111,9.682777777777778
428,3.813333333333333,9.68361111111111
429,3.861388888888889,9.686111111111112
430,3.911388888888889,9.686944444444444
431,3.6302777777777777,9.694166666666668
432,3.818333333333333,9.698333333333334
433,3.7444444444444445,9.701944444444443
434,4.010555555555555,9.703055555555554
435,3.713888888888889,9.703888888888889
436,3.5527777777777776,9.705277777777777
437,3.681388888888889,9.70722222222222
438,3.7030555555555558,9.71111111111111
439,3.741111111111111,9.711388888888887
440,3.3622222222222224,9.713888888888889
441,3.596388888888889,9.714444444444444
442,3.636388888888889,9.716666666666667
443,3.7083333333333335,9.716666666666667
444,3.4450000000000003,9.7175
445,3.8099999999999996,9.718055555555555
446,3.63,9.71861111111111
447,3.5794444444444444,9.720277777777778
448,3.815,9.720833333333333
449,3.822222222222222,9.723611111111111
450,3.1930555555555555,9.724444444444444
451,3.8274999999999997,9.727222222222222
452,3.6502777777777777,9.729722222222222
453,3.6847222222222227,9.730833333333333
454,3.9355555555555557,9.731666666666667
455,3.794722222222222,9.733333333333333
456,3.528611111111111,9.734166666666665
457,3.478888888888889,9.736944444444443
458,3.6574999999999998,9.741944444444444
459,3.3361111111111112,9.7425
460,3.5044444444444443,9.743055555555555
461,3.4619444444444447,9.743888888888888
462,4.026944444444444,9.744444444444444
463,3.756666666666667,9.747499999999999
464,3.725277777777778,9.751666666666667
465,3.763611111111111,9.753333333333334
466,3.263888888888889,9.75388888888889
467,3.4519444444444445,9.754444444444445
468,3.7691666666666666,9.755
469,3.1527777777777777,9.75611111111111
470,4.154444444444445,9.76
471,3.8375000000000004,9.760833333333334
472,3.299722222222222,9.761388888888888
473,3.443055555555556,9.761666666666667
474,3.5727777777777776,9.763055555555555
475,3.9074999999999998,9.76388888888889
476,3.7527777777777778,9.764722222222222
477,3.736388888888889,9.766666666666667
478,3.8625000000000003,9.766666666666667
479,3.7391666666666667,9.766944444444444
480,3.4258333333333333,9.7675
481,3.725,9.767777777777779
482,3.5777777777777775,9.767777777777779
483,3.7133333333333334,9.770277777777778
484,3.6102777777777777,9.771666666666668
485,3.8125,9.771944444444445
486,3.7691666666666666,9.775
487,3.5055555555555555,9.776111111111112
488,3.5425,9.776666666666667
489,3.720277777777778,9.778333333333334
490,3.7033333333333336,9.780277777777778
491,3.8241666666666663,9.781944444444445
492,3.765,9.783333333333333
493,3.6822222222222223,9.78361111111111
494,3.7233333333333336,9.784444444444444
495,3.768611111111111,9.785277777777777
496,3.332222222222222,9.788611111111111
497,3.751388888888889,9.79
498,3.8291666666666666,9.790555555555555
499,3.8347222222222226,9.793888888888889
500,3.718888888888889,9.795833333333333
501,3.5794444444444444,9.7975
502,3.7508333333333335,9.804166666666667
503,3.406111111111111,9.805000000000001
504,3.7530555555555556,9.806944444444445
505,3.578888888888889,9.809444444444445
506,3.512777777777778,9.810833333333335
507,3.5508333333333333,9.811111111111112
508,3.8894444444444445,9.811111111111112
509,3.7827777777777776,9.811111111111112
510,3.846388888888889,9.811388888888889
511,3.4213888888888886,9.811666666666667
512,4.244166666666667,9.8125
513,4.023888888888889,9.8125
514,3.5344444444444445,9.8125
515,3.2891666666666666,9.813333333333334
516,3.733611111111111,9.814166666666667
517,3.7991666666666664,9.814444444444446
518,3.7075,9.819444444444445
519,3.6133333333333333,9.819722222222222
520,3.576666666666666,9.820833333333333
521,3.8180555555555555,9.821388888888889
522,3.9944444444444445,9.8225
523,3.501388888888889,9.823611111111111
524,3.602777777777778,9.825
525,3.7369444444444446,9.825555555555555
526,3.783333333333333,9.826944444444445
527,3.8461111111111115,9.8275
528,4.057777777777778,9.8275
529,4.046111111111111,9.827777777777778
530,4.164722222222222,9.828055555555554
531,3.518333333333333,9.829166666666666
532,3.7394444444444446,9.829444444444444
533,3.6475,9.830555555555556
534,3.521111111111111,9.832777777777778
535,3.408611111111111,9.834166666666667
536,3.5266666666666664,9.836944444444445
537,3.5966666666666667,9.839444444444444
538,3.698055555555556,9.840833333333334
539,3.7583333333333333,9.84138888888889
540,3.6516666666666664,9.842500000000001
541,4.120833333333333,9.842777777777778
542,3.388611111111111,9.843333333333334
543,4.161111111111111,9.845277777777778
544,3.7855555555555553,9.85
545,3.7158333333333333,9.850833333333332
546,3.9844444444444447,9.851388888888888
547,4.243611111111111,9.852222222222222
548,3.7802777777777776,9.85388888888889
549,3.8822222222222225,9.854444444444445
550,3.455277777777778,9.855555555555556
551,3.9166666666666665,9.856388888888889
552,3.9138888888888888,9.858888888888888
553,3.7716666666666665,9.86
554,3.8866666666666667,9.861388888888888
555,3.890277777777778,9.863055555555555
556,3.9805555555555556,9.864166666666666
557,3.7019444444444445,9.865277777777777
558,3.926944444444444,9.866944444444444
559,3.5027777777777778,9.86888888888889
560,3.6983333333333337,9.874166666666667
561,3.367777777777778,9.876666666666667
562,3.4875000000000003,9.876666666666667
563,3.551944444444444,9.877777777777778
564,3.437777777777778,9.87861111111111
565,3.936944444444445,9.881388888888889
566,3.6694444444444443,9.883333333333333
567,3.5569444444444445,9.885277777777777
568,3.5236111111111112,9.886666666666667
569,3.6077777777777778,9.8875
570,3.7958333333333334,9.887777777777778
571,3.6830555555555553,9.889166666666666
572,3.9891666666666667,9.889444444444443
573,3.7122222222222225,9.89111111111111
574,3.7752777777777777,9.892777777777777
575,3.581111111111111,9.893333333333333
576,3.7247222222222223,9.894166666666667
577,3.717777777777778,9.894444444444444
578,3.3666666666666667,9.9
579,3.738888888888889,9.900277777777777
580,3.243333333333333,9.901388888888889
581,3.861388888888889,9.901944444444444
582,3.818333333333333,9.903333333333334
583,3.767777777777778,9.90638888888889
584,3.627222222222222,9.908888888888889
585,3.7777777777777777,9.909722222222223
586,3.980277777777778,9.91388888888889
587,3.9386111111111113,9.915000000000001
588,3.876388888888889,9.918333333333333
589,3.7575,9.923888888888888
590,3.6425,9.925277777777778
591,3.916111111111111,9.925555555555555
592,3.6030555555555557,9.928055555555554
593,3.82,9.928333333333333
594,3.9375000000000004,9.93
595,3.7966666666666664,9.931388888888888
596,3.9322222222222223,9.931944444444444
597,3.6997222222222224,9.932777777777778
598,3.778611111111111,9.93361111111111
599,3.603888888888889,9.934166666666666
600,3.727222222222222,9.934722222222222
601,3.842777777777778,9.9375
602,3.945555555555556,9.938333333333334
603,3.8575,9.938611111111111
604,3.4316666666666666,9.93888888888889
605,4.008333333333334,9.940277777777778
606,3.811111111111111,9.941666666666666
607,3.6405555555555553,9.9425
608,3.7824999999999998,9.944166666666668
609,3.4819444444444447,9.945555555555556
610,3.615,9.946388888888889
611,4.0472222222222225,9.948055555555555
612,3.9119444444444444,9.950555555555555
613,3.5638888888888887,9.952777777777778
614,3.658611111111111,9.95361111111111
615,3.6836111111111114,9.953888888888889
616,3.7133333333333334,9.954166666666666
617,3.924722222222222,9.954166666666666
618,3.8783333333333334,9.958055555555555
619,3.5405555555555552,9.958333333333332
620,4.038055555555555,9.958888888888888
621,3.8666666666666667,9.960555555555555
622,3.6986111111111115,9.961388888888887
623,3.566111111111111,9.962777777777777
624,3.543333333333333,9.963888888888889
625,4.039166666666667,9.965555555555556
626,4.018611111111111,9.970555555555556
627,3.9530555555555558,9.971666666666668
628,3.758888888888889,9.971944444444444
629,3.406388888888889,9.971944444444444
630,3.772222222222222,9.972777777777777
631,3.877222222222222,9.974444444444444
632,3.940277777777778,9.975555555555555
633,3.8783333333333334,9.97638888888889
634,3.6461111111111113,9.976944444444445
635,3.7894444444444444,9.979444444444445
636,3.5077777777777777,9.981944444444444
637,3.8202777777777777,9.981944444444444
638,3.779722222222222,9.982222222222223
639,4.118055555555555,9.982222222222223
640,3.9469444444444446,9.9825
641,3.8238888888888884,9.985
642,4.018888888888889,9.987499999999999
643,3.4833333333333334,9.989444444444443
644,3.8419444444444446,9.99111111111111
645,3.6011111111111114,9.992777777777777
646,3.74,9.993055555555555
647,3.473055555555556,9.993055555555555
648,3.9144444444444444,9.993333333333332
649,3.8049999999999997,9.994444444444444
650,4.182222222222222,9.997222222222222
651,3.4508333333333336,9.998055555555554
652,4.013055555555556,9.999722222222221
653,3.858888888888889,10.0025
654,3.8383333333333334,10.004722222222222
655,3.6594444444444445,10.005
656,3.818333333333333,10.005555555555556
657,3.5824999999999996,10.00611111111111
658,3.5741666666666663,10.00611111111111
659,3.3274999999999997,10.006388888888889
660,4.0275,10.008888888888889
661,3.3672222222222223,10.009722222222223
662,3.6080555555555556,10.011666666666667
663,3.7322222222222226,10.012777777777778
664,3.7463888888888888,10.012777777777778
665,3.479722222222222,10.012777777777778
666,3.6094444444444447,10.014722222222222
667,3.6994444444444445,10.020833333333334
668,4.009166666666666,10.024166666666668
669,3.5027777777777778,10.029444444444445
670,4.203888888888889,10.03361111111111
671,3.979444444444445,10.036944444444444
672,3.8233333333333333,10.040277777777778
673,3.512777777777778,10.046111111111111
674,3.6175,10.0475
675,3.605,10.047777777777778
676,3.504722222222222,10.04888888888889
677,3.665833333333333,10.050833333333333
678,3.798611111111111,10.051944444444445
679,3.608888888888889,10.05388888888889
680,3.904444444444444,10.054166666666667
681,3.817222222222222,10.05638888888889
682,4.0408333333333335,10.056666666666667
683,3.591111111111111,10.056944444444445
684,3.6097222222222225,10.058333333333334
685,3.640277777777778,10.058611111111112
686,3.686666666666667,10.06027777777778
687,3.563611111111111,10.063055555555556
688,4.087777777777777,10.06638888888889
689,3.4433333333333334,10.067499999999999
690,3.653888888888889,10.069444444444445
691,3.5122222222222224,10.07
692,4.098055555555555,10.071388888888889
693,3.8361111111111112,10.071666666666667
694,3.761111111111111,10.072777777777777
695,3.7255555555555557,10.073611111111111
696,3.9575,10.074444444444444
697,3.7913888888888887,10.074722222222222
698,4.020555555555555,10.075833333333334
699,3.9922222222222223,10.07638888888889
700,3.861111111111111,10.077222222222222
701,3.6377777777777776,10.078333333333333
702,3.5283333333333333,10.079722222222221
703,4.260555555555555,10.081666666666667
704,3.7802777777777776,10.082222222222223
705,3.722777777777778,10.0825
706,3.7530555555555556,10.082777777777778
707,4.124722222222222,10.085833333333333
708,3.700277777777778,10.088611111111112
709,3.8525,10.088611111111112
710,3.64,10.089166666666667
711,3.592777777777778,10.09
712,3.6080555555555556,10.090555555555556
713,3.48,10.091111111111111
714,4.019166666666667,10.092222222222222
715,3.897222222222222,10.096388888888889
716,4.004722222222222,10.096944444444444
717,3.526944444444444,10.102777777777778
718,3.6711111111111108,10.104722222222222
719,3.438888888888889,10.10611111111111
720,3.834166666666667,10.108888888888888
721,3.5880555555555556,10.11111111111111
722,3.551944444444444,10.111666666666666
723,3.7783333333333333,10.115
724,3.6344444444444446,10.118333333333334
725,3.5324999999999998,10.119444444444445
726,4.282222222222222,10.119722222222222
727,3.580833333333333,10.121111111111112
728,4.21,10.121944444444445
729,3.8252777777777776,10.123333333333333
730,3.8313888888888887,10.125277777777779
731,4.144444444444445,10.1325
732,4.173333333333334,10.132777777777779
733,3.831111111111111,10.134166666666665
734,3.7619444444444445,10.134444444444444
735,3.668333333333333,10.135555555555555
736,3.6894444444444447,10.138055555555555
737,4.250277777777778,10.138055555555555
738,3.5947222222222224,10.139166666666666
739,4.208611111111111,10.139722222222222
740,3.2938888888888886,10.14111111111111
741,3.5613888888888887,10.141666666666666
742,3.6158333333333332,10.145277777777777
743,3.9055555555555554,10.158611111111112
744,3.4944444444444445,10.158888888888889
745,3.9319444444444445,10.162777777777778
746,3.716111111111111,10.168888888888889
747,3.845555555555556,10.171111111111111
748,3.691388888888889,10.17361111111111
749,3.3761111111111113,10.174999999999999
750,4.356388888888889,10.177222222222222
751,4.051666666666667,10.178055555555554
752,3.9097222222222223,10.18
753,3.891111111111111,10.181111111111111
754,3.8488888888888892,10.181666666666667
755,3.8844444444444446,10.183055555555555
756,3.7675,10.183055555555555
757,3.8730555555555557,10.185833333333333
758,4.057222222222222,10.187222222222223
759,4.096388888888889,10.189444444444444
760,4.026944444444444,10.190833333333334
761,4.087222222222222,10.19111111111111
762,3.9958333333333336,10.198333333333334
763,3.693055555555556,10.200555555555555
764,3.8280555555555553,10.200833333333332
765,4.122222222222222,10.203055555555554
766,3.861666666666667,10.206388888888888
767,3.8555555555555556,10.2075
768,3.5813888888888887,10.209444444444443
769,3.5283333333333333,10.210277777777778
770,3.9719444444444445,10.21111111111111
771,3.6147222222222224,10.215277777777777
772,3.7191666666666667,10.21888888888889
773,3.6972222222222224,10.220277777777778
774,4.181666666666667,10.220833333333333
775,3.73,10.222777777777777
776,3.9138888888888888,10.224444444444444
777,3.7819444444444446,10.225
778,4.034166666666667,10.225555555555555
779,3.7447222222222223,10.22888888888889
780,3.652222222222222,10.230277777777777
781,4.120277777777777,10.230833333333333
782,3.8419444444444446,10.231111111111112
783,3.661388888888889,10.231666666666667
784,3.8408333333333333,10.231666666666667
785,3.7369444444444446,10.2325
786,4.226944444444444,10.235555555555555
787,4.062222222222222,10.23611111111111
788,3.794722222222222,10.237777777777778
789,3.801388888888889,10.241666666666665
790,3.845277777777778,10.242222222222221
791,3.9483333333333337,10.242777777777777
792,3.741388888888889,10.245277777777776
793,4.115833333333333,10.246388888888887
794,4.103333333333333,10.246944444444443
795,3.8291666666666666,10.247777777777777
796,3.8375000000000004,10.248333333333333
797,3.8347222222222226,10.24861111111111
798,3.609166666666667,10.249444444444444
799,4.035277777777778,10.249444444444444
800,3.617777777777778,10.250277777777777
801,3.995,10.251944444444444
802,3.8313888888888887,10.2525
803,3.963611111111111,10.253055555555555
804,4.261111111111111,10.256388888888889
805,3.845277777777778,10.257222222222222
806,4.173611111111112,10.259166666666667
807,3.6855555555555557,10.260277777777778
808,4.0119444444444445,10.260833333333334
809,3.6894444444444447,10.262777777777778
810,3.7469444444444444,10.26388888888889
811,3.8783333333333334,10.266388888888889
812,3.6516666666666664,10.2675
813,4.3475,10.269444444444446
814,3.7533333333333334,10.273611111111112
815,3.6630555555555553,10.274722222222223
816,4.299444444444444,10.276111111111112
817,3.9544444444444444,10.27638888888889
818,3.5738888888888884,10.277222222222223
819,4.020833333333333,10.279166666666667
820,4.3052777777777775,10.280833333333334
821,3.979444444444445,10.2825
822,4.072777777777778,10.28277777777778
823,3.713888888888889,10.283055555555556
824,3.808333333333333,10.286666666666667
825,3.830833333333333,10.287222222222223
826,3.562777777777778,10.287777777777778
827,3.676111111111111,10.28888888888889
828,3.8625000000000003,10.289166666666667
829,4.020833333333333,10.290555555555555
830,3.9097222222222223,10.292222222222222
831,3.861388888888889,10.293333333333333
832,3.954166666666667,10.297777777777778
833,3.7197222222222224,10.299166666666666
834,4.4719444444444445,10.301944444444445
835,3.8191666666666664,10.302777777777779
836,4.190555555555556,10.306666666666667
837,3.8094444444444444,10.307222222222222
838,4.010277777777778,10.308055555555557
839,3.7733333333333334,10.30888888888889
840,3.6286111111111112,10.31
841,4.337222222222222,10.311111111111112
842,3.8622222222222224,10.311944444444444
843,3.8333333333333335,10.315000000000001
844,3.576944444444444,10.318888888888889
845,3.7508333333333335,10.319166666666666
846,3.5230555555555556,10.319166666666666
847,3.8961111111111113,10.319166666666666
848,3.8294444444444444,10.319722222222222
849,3.73,10.322777777777777
850,4.275833333333333,10.323888888888888
851,3.7036111111111114,10.325833333333334
852,3.810833333333333,10.328333333333333
853,4.014722222222222,10.32861111111111
854,3.797222222222222,10.331666666666667
855,3.516388888888889,10.333055555555555
856,4.036944444444444,10.334722222222222
857,4.008055555555556,10.336666666666668
858,3.9905555555555554,10.338055555555556
859,3.835277777777778,10.338611111111112
860,4.5616666666666665,10.338611111111112
861,3.7219444444444445,10.33888888888889
862,4.56,10.33888888888889
863,3.9213888888888886,10.34
864,3.770277777777778,10.343611111111112
865,3.426944444444444,10.344444444444445
866,3.647222222222222,10.345
867,4.057777777777778,10.350277777777777
868,4.2425,10.351111111111111
869,3.8775,10.35361111111111
870,3.7422222222222223,10.355555555555556
871,3.7533333333333334,10.355555555555556
872,3.7258333333333336,10.360277777777778
873,3.964166666666667,10.361944444444443
874,4.013055555555556,10.3675
875,4.559722222222222,10.369166666666667
876,3.9783333333333335,10.371111111111112
877,3.9847222222222225,10.371944444444445
878,4.141111111111112,10.371944444444445
879,3.8094444444444444,10.3725
880,3.686666666666667,10.375555555555556
881,3.9422222222222225,10.375555555555556
882,3.8783333333333334,10.379444444444445
883,4.018055555555556,10.38
884,4.147500000000001,10.380277777777778
885,4.111111111111111,10.380555555555556
886,3.601388888888889,10.381111111111112
887,3.941388888888889,10.381388888888889
888,4.4575000000000005,10.384444444444444
889,4.286111111111111,10.384722222222221
890,4.256388888888889,10.386111111111111
891,4.132499999999999,10.386666666666667
892,3.6077777777777778,10.388055555555555
893,3.988888888888889,10.389166666666666
894,3.576388888888889,10.390555555555554
895,3.812222222222222,10.392222222222221
896,3.8494444444444444,10.392777777777777
897,3.768611111111111,10.39472222222222
898,3.904444444444444,10.395555555555555
899,3.9144444444444444,10.395833333333332
900,4.102777777777778,10.39611111111111
901,4.013055555555556,10.398333333333333
902,3.8472222222222223,10.399166666666666
903,4.060277777777777,10.399444444444445
904,4.005277777777778,10.399722222222222
905,4.259444444444444,10.401944444444444
906,3.822222222222222,10.403055555555556
907,4.173333333333334,10.404166666666667
908,3.6822222222222223,10.405555555555557
909,3.700555555555556,10.405555555555557
910,3.8877777777777776,10.405833333333334
911,4.035277777777778,10.408055555555556
912,3.5813888888888887,10.408888888888889
913,3.8841666666666668,10.409166666666668
914,3.776111111111111,10.410555555555556
915,3.7486111111111113,10.412222222222223
916,3.8594444444444447,10.413055555555555
917,3.899722222222222,10.413333333333334
918,4.233055555555556,10.414166666666667
919,4.016944444444444,10.416944444444443
920,3.5805555555555553,10.418888888888889
921,4.451944444444445,10.419722222222221
922,3.792777777777778,10.420555555555556
923,4.3774999999999995,10.420833333333333
924,3.772222222222222,10.421944444444444
925,3.9722222222222223,10.422222222222222
926,4.376944444444444,10.424722222222222
927,4.172777777777778,10.42611111111111
928,4.076666666666666,10.426388888888889
929,4.258611111111111,10.428888888888888
930,3.6158333333333332,10.430555555555555
931,3.450555555555556,10.430833333333332
932,3.8847222222222224,10.4325
933,3.8383333333333334,10.432777777777778
934,3.5883333333333334,10.433055555555555
935,3.8408333333333333,10.434444444444445
936,4.1375,10.435555555555556
937,3.9005555555555556,10.439722222222223
938,3.924722222222222,10.440833333333334
939,4.046388888888889,10.4425
940,3.8738888888888887,10.443611111111112
941,4.335,10.445
942,3.7577777777777777,10.445833333333333
943,3.578611111111111,10.448333333333334
944,3.841666666666667,10.45111111111111
945,3.883888888888889,10.451666666666666
946,3.910833333333333,10.451944444444443
947,4.010555555555555,10.452777777777778
948,3.931111111111111,10.45361111111111
949,4.334444444444444,10.454166666666666
950,3.8669444444444445,10.454166666666666
951,3.8074999999999997,10.455833333333333
952,3.7383333333333333,10.45611111111111
953,3.613888888888889,10.456666666666665
954,3.7941666666666665,10.458888888888888
955,3.745,10.460277777777778
956,3.7583333333333333,10.463888888888889
957,3.9944444444444445,10.465
958,4.5072222222222225,10.465833333333332
959,3.9691666666666667,10.468333333333334
960,4.1375,10.4725
961,4.055833333333333,10.475
962,4.602222222222222,10.476666666666667
963,4.325555555555555,10.477777777777778
964,4.39638888888889,10.479166666666666
965,3.9322222222222223,10.479722222222222
966,3.8169444444444443,10.481111111111112
967,3.967777777777778,10.481944444444444
968,3.955,10.483333333333333
969,3.6997222222222224,10.48361111111111
970,3.641111111111111,10.485277777777776
971,3.976388888888889,10.485277777777776
972,4.433055555555556,10.485833333333332
973,4.205277777777778,10.486388888888888
974,4.0969444444444445,10.487777777777778
975,3.8897222222222223,10.48861111111111
976,3.6641666666666666,10.489999999999998
977,3.7955555555555556,10.490277777777777
978,4.240555555555556,10.492777777777777
979,4.1425,10.493055555555555
980,3.6794444444444445,10.495
981,3.931388888888889,10.495277777777776
982,4.152222222222223,10.49611111111111
983,4.197500000000001,10.497222222222222
984,3.685,10.498055555555554
985,3.939166666666667,10.49861111111111
986,3.7963888888888886,10.499166666666666
987,3.4852777777777777,10.500277777777777
988,4.029166666666667,10.504444444444445
989,3.876388888888889,10.510555555555555
990,4.072222222222222,10.511388888888888
991,3.9305555555555554,10.511388888888888
992,4.6641666666666675,10.51388888888889
993,3.9966666666666666,10.514444444444445
994,3.721111111111111,10.514444444444445
995,3.8313888888888887,10.515555555555556
996,3.7019444444444445,10.516666666666667
997,3.8400000000000003,10.516944444444444
998,4.114444444444444,10.518055555555556
999,3.9761111111111114,10.518333333333334
1000,3.8211111111111107,10.519166666666667
1001,4.090277777777778,10.5225
1002,4.022222222222222,10.523055555555556
1003,4.199166666666667,10.523888888888889
1004,4.024444444444445,10.525555555555556
1005,4.003888888888889,10.526111111111112
1006,3.998888888888889,10.527500000000002
1007,3.8291666666666666,10.52888888888889
1008,3.9194444444444443,10.531666666666668
1009,4.485555555555556,10.535
1010,4.145833333333334,10.5375
1011,3.862777777777778,10.538055555555555
1012,3.7855555555555553,10.540555555555555
1013,3.8769444444444443,10.543055555555556
1014,3.5141666666666667,10.548055555555555
1015,3.838611111111111,10.549444444444445
1016,4.254444444444444,10.551944444444445
1017,4.270277777777777,10.554444444444446
1018,3.6875000000000004,10.555000000000001
1019,4.418055555555556,10.557500000000001
1020,4.084444444444444,10.558611111111112
1021,4.097222222222222,10.558611111111112
1022,3.686388888888889,10.562777777777779
1023,3.7755555555555556,10.566944444444443
1024,3.9280555555555554,10.570277777777777
1025,4.480555555555556,10.575277777777778
1026,3.9324999999999997,10.575555555555555
1027,4.077222222222222,10.578055555555554
1028,4.2716666666666665,10.580555555555556
1029,4.3566666666666665,10.583333333333334
1030,3.698055555555556,10.586388888888889
1031,3.756111111111111,10.586666666666668
1032,3.8716666666666666,10.588333333333335
1033,4.169166666666667,10.591944444444445
1034,4.051666666666667,10.592777777777778
1035,4.151944444444445,10.594444444444445
1036,4.140833333333334,10.5975
1037,3.8986111111111112,10.59888888888889
1038,4.136666666666667,10.600277777777777
1039,4.492222222222222,10.602777777777778
1040,4.113888888888889,10.602777777777778
1041,4.5025,10.603055555555555
1042,4.165,10.60611111111111
1043,3.945555555555556,10.606388888888889
1044,4.816111111111111,10.6075
1045,4.115277777777777,10.608055555555556
1046,3.6972222222222224,10.608333333333333
1047,3.8833333333333333,10.608611111111111
1048,3.77,10.608611111111111
1049,3.2525,10.61111111111111
1050,4.708611111111111,10.61111111111111
1051,3.9469444444444446,10.614722222222222
1052,4.605277777777777,10.615
1053,3.86,10.615277777777777
1054,4.567777777777778,10.619166666666667
1055,4.068888888888889,10.623333333333333
1056,3.7097222222222226,10.624166666666667
1057,3.9491666666666667,10.624722222222223
1058,4.44,10.625555555555556
1059,4.136111111111112,10.625833333333334
1060,4.410277777777778,10.626111111111111
1061,4.395555555555556,10.626666666666667
1062,4.477777777777778,10.629722222222222
1063,4.4944444444444445,10.636944444444444
1064,3.9483333333333337,10.638333333333334
1065,4.169722222222222,10.639999999999999
1066,3.9205555555555556,10.641666666666666
1067,4.567222222222222,10.649444444444445
1068,4.083333333333333,10.65
1069,4.234166666666667,10.650277777777777
1070,3.935,10.651666666666667
1071,4.033611111111111,10.651944444444444
1072,4.057777777777778,10.652777777777779
1073,4.317777777777778,10.652777777777779
1074,4.027777777777778,10.653333333333334
1075,3.928611111111111,10.660555555555556
1076,4.854722222222222,10.667777777777777
1077,4.1425,10.670277777777777
1078,4.6075,10.671111111111111
1079,3.903611111111111,10.671388888888888
1080,4.101388888888889,10.674166666666666
1081,4.365833333333333,10.674722222222222
1082,4.082777777777777,10.674999999999999
1083,4.326388888888888,10.676666666666666
1084,3.9633333333333334,10.6775
1085,4.088055555555555,10.679166666666665
1086,4.309444444444444,10.680833333333332
1087,4.365555555555555,10.683333333333334
1088,3.681388888888889,10.686388888888889
1089,4.078888888888889,10.688611111111111
1090,4.05,10.68888888888889
1091,4.14138888888889,10.689722222222223
1092,4.166666666666667,10.69138888888889
1093,4.233611111111111,10.691944444444445
1094,3.6727777777777777,10.6925
1095,4.8244444444444445,10.694166666666668
1096,3.7275,10.696666666666667
1097,4.0808333333333335,10.698611111111111
1098,4.311388888888889,10.699166666666667
1099,3.897777777777778,10.704722222222221
1100,4.266388888888889,10.705277777777777
1101,3.836388888888889,10.705833333333333
1102,4.025,10.705833333333333
1103,3.955277777777778,10.706944444444444
1104,4.571944444444444,10.70861111111111
1105,4.227222222222222,10.708888888888888
1106,3.870277777777778,10.709444444444443
1107,3.8324999999999996,10.71111111111111
1108,3.9125,10.71111111111111
1109,4.079722222222222,10.711666666666666
1110,3.725,10.714444444444444
1111,4.173333333333334,10.716666666666667
1112,3.9302777777777775,10.717222222222222
1113,4.02,10.7175
1114,4.024166666666667,10.721666666666668
1115,3.783888888888889,10.726111111111111
1116,3.9991666666666665,10.726111111111111
1117,4.144722222222223,10.726944444444445
1118,4.155555555555556,10.72861111111111
1119,4.219444444444445,10.729722222222222
1120,3.926944444444444,10.733888888888888
1121,4.092777777777777,10.736944444444443
1122,3.7844444444444445,10.73861111111111
1123,4.192777777777778,10.739166666666666
1124,4.041944444444444,10.741944444444444
1125,3.9383333333333335,10.742777777777777
1126,4.156666666666667,10.743055555555555
1127,4.085277777777778,10.744166666666667
1128,4.204722222222222,10.74861111111111
1129,4.278888888888889,10.749166666666666
1130,4.335555555555556,10.75
1131,4.198888888888889,10.753055555555555
1132,4.116388888888888,10.758611111111112
1133,3.6455555555555557,10.759722222222223
1134,3.946388888888889,10.760833333333334
1135,4.227777777777778,10.762777777777778
1136,4.439166666666667,10.766111111111112
1137,4.393611111111111,10.766666666666667
1138,3.7461111111111114,10.768055555555556
1139,4.866944444444445,10.768611111111111
1140,3.9575,10.769166666666667
1141,4.38,10.771666666666668
1142,4.252777777777778,10.775555555555556
1143,4.235555555555556,10.776944444444446
1144,3.7225,10.777222222222223
1145,4.2138888888888895,10.777500000000002
1146,4.064444444444444,10.780277777777778
1147,4.5575,10.780833333333334
1148,4.702222222222223,10.781666666666668
1149,4.699722222222222,10.781944444444445
1150,4.1930555555555555,10.782222222222224
1151,4.703055555555555,10.783888888888889
1152,4.2575,10.785555555555556
1153,3.5319444444444446,10.786111111111111
1154,3.6372222222222224,10.786944444444444
1155,3.7816666666666667,10.79
1156,4.536944444444444,10.792222222222222
1157,4.305,10.793055555555556
1158,4.5008333333333335,10.793055555555556
1159,4.35861111111111,10.794166666666667
1160,3.979444444444445,10.795
1161,4.105555555555555,10.797222222222222
1162,3.863888888888889,10.799166666666666
1163,4.269166666666667,10.799166666666666
1164,4.494722222222222,10.802777777777779
1165,3.8602777777777777,10.803333333333335
1166,4.252222222222223,10.806666666666667
1167,4.018611111111111,10.807500000000001
1168,4.181111111111111,10.808611111111112
1169,4.198611111111111,10.809166666666668
1170,3.9105555555555553,10.809444444444445
1171,4.245277777777778,10.811388888888889
1172,4.160833333333334,10.811388888888889
1173,3.6702777777777778,10.8125
1174,4.12611111111111,10.812777777777779
1175,4.204444444444444,10.81388888888889
1176,3.8694444444444445,10.814722222222223
1177,3.8983333333333334,10.816666666666666
1178,3.8852777777777776,10.818333333333333
1179,4.383333333333334,10.820833333333333
1180,4.098888888888888,10.821388888888889
1181,4.265,10.823055555555555
1182,3.711666666666667,10.825833333333334
1183,4.5408333333333335,10.82638888888889
1184,4.579166666666667,10.8275
1185,4.0136111111111115,10.82861111111111
1186,4.977777777777778,10.83
1187,3.9691666666666667,10.83
1188,3.9894444444444446,10.831388888888888
1189,4.486111111111112,10.831666666666667
1190,3.955277777777778,10.83388888888889
1191,4.378611111111111,10.834166666666667
1192,4.558888888888888,10.834722222222222
1193,4.303611111111111,10.834722222222222
1194,4.376666666666666,10.835277777777778
1195,4.210833333333333,10.836944444444445
1196,4.070277777777777,10.838333333333335
1197,4.344722222222222,10.838611111111112
1198,4.375277777777777,10.851944444444444
1199,3.8833333333333333,10.85611111111111
1200,4.382222222222222,10.856388888888889
1201,5.121666666666666,10.8575
1202,3.8958333333333335,10.857777777777777
1203,4.246111111111111,10.859722222222222
1204,3.6733333333333333,10.860833333333334
1205,4.1994444444444445,10.861388888888888
1206,3.967777777777778,10.862499999999999
1207,3.8866666666666667,10.863333333333333
1208,4.248611111111111,10.864166666666666
1209,4.237222222222222,10.865555555555556
1210,4.323055555555555,10.866944444444444
1211,4.586944444444444,10.8675
1212,3.963888888888889,10.868611111111111
1213,4.104722222222222,10.869722222222222
1214,4.595,10.869722222222222
1215,4.251944444444445,10.870833333333334
1216,4.048333333333333,10.874166666666667
1217,4.275555555555555,10.875
1218,4.681111111111111,10.875833333333334
1219,3.9180555555555556,10.875833333333334
1220,3.954166666666667,10.877222222222223
1221,4.040555555555556,10.877777777777778
1222,4.53,10.879166666666666
1223,3.5275,10.879444444444445
1224,4.285833333333334,10.881388888888889
1225,3.7558333333333334,10.884444444444444
1226,4.1450000000000005,10.886666666666667
1227,4.401666666666667,10.889999999999999
1228,3.680833333333333,10.890277777777778
1229,4.384444444444445,10.891666666666666
1230,3.8024999999999998,10.892777777777777
1231,4.1755555555555555,10.898888888888889
1232,4.068888888888889,10.900555555555556
1233,3.8238888888888884,10.901944444444444
1234,4.0152777777777775,10.9025
1235,4.641666666666667,10.903611111111111
1236,4.132222222222222,10.905277777777778
1237,4.3,10.90611111111111
1238,3.8444444444444446,10.908333333333333
1239,4.038888888888889,10.911944444444444
1240,3.9327777777777775,10.9125
1241,4.109444444444444,10.913333333333334
1242,4.066388888888889,10.91388888888889
1243,4.247222222222223,10.915277777777778
1244,4.005,10.915277777777778
1245,3.9586111111111113,10.916944444444443
1246,3.890833333333333,10.918333333333333
1247,4.789722222222222,10.927222222222222
1248,4.472222222222222,10.93
1249,3.901111111111111,10.930555555555555
1250,4.394166666666667,10.931944444444444
1251,4.348333333333333,10.932777777777778
1252,4.687777777777778,10.932777777777778
1253,4.286388888888888,10.936388888888889
1254,3.8544444444444443,10.937222222222223
1255,4.186111111111112,10.9425
1256,4.048611111111111,10.943055555555556
1257,4.085277777777778,10.945277777777777
1258,4.069444444444445,10.9475
1259,4.3630555555555555,10.948055555555555
1260,4.250555555555556,10.95
1261,4.3086111111111105,10.953055555555554
1262,4.359999999999999,10.953888888888889
1263,4.3630555555555555,10.955277777777777
1264,4.420555555555556,10.95722222222222
1265,4.1147222222222215,10.9575
1266,3.9405555555555556,10.962499999999999
1267,3.8486111111111114,10.965277777777777
1268,3.9508333333333336,10.966111111111111
1269,4.299166666666666,10.96861111111111
1270,4.134722222222223,10.969444444444445
1271,4.38,10.971388888888889
1272,4.435555555555556,10.971666666666668
1273,4.329166666666667,10.9725
1274,5.027777777777778,10.973611111111111
1275,4.390555555555556,10.974166666666667
1276,4.191944444444444,10.974166666666667
1277,3.959166666666667,10.980833333333333
1278,4.269166666666667,10.9825
1279,4.444444444444445,10.983888888888888
1280,3.761111111111111,10.986388888888888
1281,4.669722222222222,10.997499999999999
1282,4.2075000000000005,10.998333333333333
1283,4.173888888888889,11.000555555555556
1284,4.680555555555556,11.001388888888888
1285,4.233888888888889,11.006388888888889
1286,4.189722222222223,11.014444444444445
1287,3.836388888888889,11.015
1288,4.163055555555556,11.015
1289,4.842499999999999,11.018333333333334
1290,3.968888888888889,11.019166666666667
1291,4.511388888888889,11.020000000000001
1292,4.209722222222222,11.021944444444445
1293,3.9277777777777776,11.0225
1294,4.623055555555556,11.024722222222223
1295,4.844722222222222,11.026666666666667
1296,4.08,11.027777777777779
1297,4.486111111111112,11.028333333333334
1298,4.1513888888888895,11.02888888888889
1299,3.6197222222222223,11.030000000000001
1300,4.173333333333334,11.03138888888889
1301,4.010833333333333,11.0325
1302,4.055,11.0325
1303,4.130833333333333,11.033333333333333
1304,4.324722222222222,11.034166666666666
1305,3.7625,11.035555555555556
1306,4.435555555555556,11.039722222222222
1307,4.0505555555555555,11.039722222222222
1308,4.2813888888888885,11.040555555555555
1309,4.015833333333333,11.043333333333333
1310,4.483611111111111,11.043888888888889
1311,4.361944444444444,11.044722222222221
1312,4.090277777777778,11.045277777777777
1313,3.7641666666666667,11.049722222222222
1314,4.248055555555555,11.05388888888889
1315,4.134722222222223,11.055555555555557
1316,4.2427777777777775,11.056666666666667
1317,4.045277777777778,11.057500000000001
1318,4.105833333333333,11.058611111111112
1319,4.888055555555555,11.068055555555555
1320,4.3694444444444445,11.06861111111111
1321,4.437222222222222,11.073611111111111
1322,4.411944444444445,11.074444444444444
1323,4.170555555555556,11.074722222222222
1324,4.325555555555555,11.078888888888889
1325,4.332777777777777,11.079722222222221
1326,4.345,11.083055555555555
1327,4.988888888888889,11.085555555555556
1328,4.445,11.09138888888889
1329,3.942777777777778,11.091944444444445
1330,4.197777777777778,11.093055555555557
1331,4.2725,11.0975
1332,4.686944444444444,11.101111111111111
1333,5.082777777777777,11.101388888888888
1334,4.092777777777777,11.102777777777778
1335,4.101388888888889,11.108888888888888
1336,4.274444444444445,11.112222222222222
1337,4.339444444444444,11.112222222222222
1338,4.4675,11.116944444444444
1339,3.7058333333333335,11.11888888888889
1340,3.881666666666667,11.121111111111112
1341,4.0375,11.12638888888889
1342,4.163055555555556,11.12861111111111
1343,4.111111111111111,11.129722222222222
1344,4.206944444444445,11.132777777777779
1345,4.148333333333333,11.134722222222221
1346,4.468888888888889,11.135555555555555
1347,4.116111111111111,11.136944444444444
1348,3.9969444444444444,11.139722222222222
1349,3.714166666666667,11.145
1350,4.180000000000001,11.14611111111111
1351,4.112222222222222,11.148055555555555
1352,4.766111111111111,11.149166666666666
1353,4.298055555555555,11.150833333333333
1354,4.0472222222222225,11.152222222222223
1355,4.373611111111111,11.153333333333334
1356,3.9097222222222223,11.157777777777778
1357,4.619444444444445,11.161111111111111
1358,4.3225,11.16638888888889
1359,4.10361111111111,11.166666666666666
1360,4.687777777777778,11.166666666666666
1361,4.512777777777778,11.168055555555554
1362,4.190555555555556,11.169444444444444
1363,5.019444444444445,11.170833333333333
1364,4.064722222222222,11.171944444444444
1365,4.579444444444444,11.172222222222222
1366,4.288888888888889,11.172777777777776
1367,4.166111111111111,11.17611111111111
1368,4.138333333333334,11.181666666666667
1369,4.133333333333334,11.182222222222222
1370,4.176666666666667,11.185277777777777
1371,4.264444444444444,11.186388888888889
1372,5.143888888888889,11.186666666666667
1373,4.309444444444444,11.1875
1374,4.586944444444444,11.189722222222223
1375,3.827222222222222,11.190555555555555
1376,4.660555555555556,11.19111111111111
1377,4.446111111111112,11.192222222222222
1378,4.1175,11.192222222222222
1379,4.649722222222222,11.196666666666667
1380,4.143611111111111,11.199444444444445
1381,4.177222222222222,11.205555555555556
1382,4.655277777777778,11.209722222222222
1383,4.383611111111112,11.211666666666666
1384,4.960833333333333,11.214444444444444
1385,4.187222222222222,11.215833333333332
1386,3.8333333333333335,11.224166666666667
1387,4.8086111111111105,11.226944444444445
1388,4.3180555555555555,11.228055555555555
1389,4.325833333333333,11.23472222222222
1390,4.293611111111111,11.23861111111111
1391,4.178333333333334,11.241666666666665
1392,4.410555555555556,11.241944444444444
1393,3.7755555555555556,11.2425
1394,4.0325,11.248888888888889
1395,3.7938888888888886,11.25
1396,4.428333333333334,11.250833333333333
1397,3.9027777777777777,11.251111111111111
1398,4.315833333333333,11.251944444444444
1399,4.441666666666667,11.253333333333334
1400,4.3997222222222225,11.25361111111111
1401,4.3566666666666665,11.258333333333333
1402,4.2775,11.259166666666667
1403,4.432222222222222,11.26361111111111
1404,4.660277777777778,11.265833333333333
1405,4.233611111111111,11.266111111111112
1406,4.428888888888889,11.268611111111111
1407,3.9408333333333334,11.26888888888889
1408,4.574166666666667,11.2725
1409,4.933888888888889,11.273333333333333
1410,4.5922222222222215,11.276111111111112
1411,4.1075,11.276666666666667
1412,4.352222222222222,11.279722222222222
1413,4.182777777777778,11.28138888888889
1414,4.426666666666667,11.2825
1415,4.142777777777778,11.283888888888889
1416,4.514444444444444,11.287222222222223
1417,4.343611111111111,11.2925
1418,4.277777777777778,11.296944444444444
1419,4.091388888888889,11.301944444444445
1420,5.091944444444444,11.302222222222223
1421,4.314444444444444,11.3025
1422,4.4925,11.303333333333335
1423,4.087777777777777,11.310833333333335
1424,4.456388888888889,11.320277777777777
1425,4.479722222222223,11.324722222222222
1426,4.473888888888889,11.32638888888889
1427,4.210277777777778,11.326944444444445
1428,4.571111111111111,11.328055555555554
1429,3.874722222222222,11.328333333333333
1430,4.487777777777778,11.3325
1431,4.258055555555556,11.334722222222222
1432,3.7505555555555556,11.340277777777779
1433,4.451944444444445,11.345833333333333
1434,4.490277777777778,11.351666666666667
1435,4.46,11.356388888888889
1436,4.323888888888889,11.359722222222222
1437,4.31,11.360555555555555
1438,4.0616666666666665,11.365
1439,4.288055555555555,11.365277777777777
1440,4.778888888888889,11.366388888888888
1441,4.4725,11.37138888888889
1442,4.755,11.375833333333334
1443,3.7419444444444445,11.376666666666667
1444,4.293611111111111,11.391944444444444
1445,4.602777777777778,11.393055555555556
1446,4.38,11.396944444444443
1447,4.596111111111111,11.401666666666667
1448,4.3069444444444445,11.421111111111111
1449,4.513055555555556,11.426388888888889
1450,4.528333333333333,11.427777777777777
1451,4.428888888888889,11.436944444444444
1452,4.684444444444445,11.4425
1453,4.927777777777778,11.4425
1454,4.205555555555556,11.4475
1455,4.706944444444445,11.450833333333332
1456,4.3405555555555555,11.454166666666666
1457,4.498611111111111,11.454444444444444
1458,4.245555555555556,11.455277777777777
1459,4.158888888888889,11.459999999999999
1460,4.334444444444444,11.462499999999999
1461,4.512222222222222,11.471111111111112
1462,4.118888888888889,11.471666666666668
1463,4.1825,11.475833333333334
1464,3.8722222222222222,11.476111111111111
1465,4.601666666666667,11.47861111111111
1466,3.938888888888889,11.480277777777777
1467,4.5377777777777775,11.481388888888889
1468,4.576388888888888,11.481944444444444
1469,4.483055555555556,11.495833333333332
1470,3.9586111111111113,11.500555555555556
1471,4.091388888888889,11.501388888888888
1472,4.435833333333334,11.501944444444444
1473,4.290555555555556,11.502777777777778
1474,4.403611111111111,11.505277777777778
1475,4.780833333333334,11.51388888888889
1476,4.2283333333333335,11.520833333333334
1477,4.857222222222222,11.5225
1478,4.261666666666667,11.528333333333334
1479,4.4725,11.533333333333333
1480,4.282777777777778,11.538333333333334
1481,5.315555555555555,11.542777777777777
1482,4.586944444444444,11.553055555555556
1483,4.781666666666666,11.561388888888889
1484,4.201944444444445,11.562222222222223
1485,4.5969444444444445,11.5625
1486,4.532222222222222,11.564722222222223
1487,5.081666666666666,11.56861111111111
1488,4.264444444444444,11.569444444444445
1489,3.9975,11.573888888888888
1490,4.180277777777778,11.58
1491,4.316111111111111,11.5825
1492,4.359722222222222,11.583333333333334
1493,4.408333333333334,11.58388888888889
1494,4.556111111111111,11.586944444444445
1495,4.163333333333334,11.588055555555556
1496,3.979444444444445,11.59
1497,4.876111111111111,11.595
1498,4.459444444444444,11.595
1499,4.471111111111111,11.600277777777777
1500,4.218333333333334,11.600555555555555
1501,4.506944444444445,11.60388888888889
1502,4.6475,11.608333333333333
1503,4.624444444444445,11.614444444444445
1504,4.703611111111111,11.615
1505,4.271111111111111,11.616111111111111
1506,4.314722222222222,11.617777777777778
1507,4.6419444444444435,11.62138888888889
1508,5.003055555555555,11.623333333333333
1509,5.041111111111111,11.626111111111111
1510,4.331944444444444,11.627777777777778
1511,4.917222222222223,11.628333333333334
1512,5.093333333333333,11.630555555555556
1513,4.961111111111111,11.630833333333333
1514,4.213055555555556,11.6375
1515,5.111666666666666,11.640555555555554
1516,4.245555555555556,11.645277777777777
1517,4.598055555555555,11.651666666666667
1518,4.316111111111111,11.655555555555557
1519,4.879166666666667,11.655833333333334
1520,4.796944444444445,11.656666666666666
1521,5.9575000000000005,11.66388888888889
1522,4.170833333333333,11.664444444444445
1523,4.268611111111111,11.66861111111111
1524,4.783333333333333,11.672777777777776
1525,4.4077777777777785,11.674166666666666
1526,4.798333333333333,11.674999999999999
1527,4.769166666666667,11.678055555555554
1528,4.844722222222222,11.69111111111111
1529,3.9880555555555555,11.693611111111112
1530,4.593055555555555,11.694722222222222
1531,4.330277777777778,11.695555555555556
1532,4.210555555555556,11.695833333333333
1533,4.859166666666666,11.696944444444444
1534,5.4325,11.698055555555555
1535,4.188888888888889,11.698333333333334
1536,4.141944444444444,11.70111111111111
1537,4.33,11.706944444444444
1538,4.433333333333334,11.708333333333332
1539,4.456666666666667,11.713055555555554
1540,4.257777777777778,11.713333333333333
1541,4.494166666666667,11.713333333333333
1542,4.359722222222222,11.715
1543,4.44,11.720833333333333
1544,4.351944444444444,11.7225
1545,4.265555555555555,11.722777777777777
1546,4.635,11.723333333333333
1547,4.323055555555555,11.725555555555555
1548,4.5825,11.733055555555556
1549,4.9625,11.733888888888888
1550,4.885,11.735277777777776
1551,5.3549999999999995,11.737777777777778
1552,4.879722222222223,11.741666666666665
1553,4.5713888888888885,11.743611111111111
1554,5.2491666666666665,11.74861111111111
1555,4.677222222222222,11.750555555555556
1556,4.778888888888889,11.756388888888889
1557,4.670833333333333,11.757222222222222
1558,4.523333333333333,11.757777777777777
1559,4.418611111111112,11.759444444444444
1560,4.486666666666666,11.762777777777778
1561,3.96,11.769166666666667
1562,4.819722222222222,11.773611111111112
1563,4.594444444444444,11.775277777777779
1564,4.411111111111111,11.776111111111112
1565,4.662777777777778,11.77638888888889
1566,4.133888888888889,11.777777777777779
1567,4.5175,11.780277777777778
1568,5.075555555555555,11.792777777777777
1569,4.704722222222222,11.799722222222222
1570,4.624444444444445,11.801388888888889
1571,5.5905555555555555,11.810555555555556
1572,4.539722222222222,11.813611111111111
1573,5.154166666666667,11.81388888888889
1574,4.921944444444445,11.82
1575,4.678333333333334,11.822777777777777
1576,4.686388888888889,11.825277777777778
1577,4.626388888888889,11.833333333333334
1578,5.435555555555556,11.838333333333335
1579,5.0025,11.851388888888888
1580,5.258611111111111,11.852777777777778
1581,4.255833333333333,11.855
1582,5.226944444444444,11.856666666666666
1583,4.686388888888889,11.862222222222222
1584,4.820277777777777,11.864444444444445
1585,4.633611111111111,11.864444444444445
1586,4.113888888888889,11.866111111111111
1587,4.4591666666666665,11.866388888888888
1588,4.276666666666666,11.868333333333334
1589,4.656944444444445,11.868611111111111
1590,4.803333333333333,11.869444444444445
1591,4.734166666666667,11.874722222222223
1592,4.516111111111111,11.87888888888889
1593,5.095,11.879166666666666
1594,4.844166666666666,11.880555555555556
1595,4.5969444444444445,11.883888888888889
1596,4.607777777777778,11.885555555555555
1597,4.295833333333333,11.885833333333332
1598,5.046388888888889,11.88888888888889
1599,4.328333333333333,11.890555555555554
1600,4.764166666666667,11.890555555555554
1601,4.831944444444444,11.895555555555555
1602,4.666944444444445,11.909722222222223
1603,4.768055555555556,11.911111111111111
1604,4.543888888888889,11.916111111111112
1605,5.752777777777778,11.916111111111112
1606,4.6436111111111105,11.917499999999999
1607,4.810833333333333,11.918055555555554
1608,5.171666666666667,11.918333333333333
1609,5.734166666666667,11.919722222222221
1610,5.286388888888888,11.920555555555556
1611,4.531666666666666,11.922222222222222
1612,4.564444444444444,11.927222222222222
1613,4.565555555555555,11.929722222222221
1614,5.395555555555556,11.934444444444445
1615,4.168333333333334,11.95
1616,4.312777777777778,11.954166666666666
1617,4.6419444444444435,11.959166666666667
1618,4.841944444444444,11.959444444444443
1619,4.480833333333334,11.960833333333333
1620,4.166944444444445,11.961666666666666
1621,5.267222222222222,11.962499999999999
1622,4.623611111111112,11.962777777777777
1623,4.098055555555555,11.972222222222223
1624,4.780277777777778,11.975277777777778
1625,4.758055555555556,11.979444444444445
1626,5.096666666666667,11.98361111111111
1627,4.605833333333333,11.986388888888888
1628,4.476944444444444,11.98861111111111
1629,4.449166666666667,11.988888888888889
1630,4.2491666666666665,11.9925
1631,5.118611111111111,11.996944444444443
1632,4.431388888888889,12.002222222222223
1633,4.415555555555556,12.002777777777778
1634,4.2508333333333335,12.003333333333334
1635,4.513888888888889,12.005
1636,4.514444444444444,12.015555555555556
1637,4.081388888888888,12.017777777777779
1638,4.5472222222222225,12.026111111111112
1639,4.62388888888889,12.028055555555556
1640,4.686111111111112,12.030555555555557
1641,4.478611111111111,12.040277777777778
1642,4.396944444444445,12.041944444444445
1643,4.845833333333333,12.045555555555556
1644,5.044722222222222,12.055000000000001
1645,4.698055555555555,12.057222222222222
1646,5.101388888888889,12.059722222222224
1647,4.729166666666667,12.063055555555556
1648,4.634444444444444,12.063333333333334
1649,4.7844444444444445,12.07611111111111
1650,4.529722222222222,12.07638888888889
1651,4.178888888888889,12.0775
1652,4.629444444444445,12.084722222222222
1653,4.45,12.09
1654,4.549444444444444,12.091666666666667
1655,4.683333333333334,12.096111111111112
1656,4.565833333333333,12.099166666666667
1657,4.7011111111111115,12.106388888888889
1658,4.168611111111112,12.108611111111111
1659,4.459444444444444,12.11
1660,4.456111111111111,12.114444444444445
1661,4.523611111111111,12.118611111111111
1662,4.825555555555555,12.12138888888889
1663,4.944444444444445,12.123611111111112
1664,4.982777777777778,12.126944444444446
1665,5.113888888888889,12.130555555555556
1666,5.244722222222222,12.13361111111111
1667,4.6338888888888885,12.135555555555555
1668,4.853333333333333,12.144444444444444
1669,4.763333333333334,12.145
1670,5.166666666666667,12.145555555555555
1671,4.620833333333334,12.149722222222222
1672,4.780277777777778,12.15
1673,4.197777777777778,12.151388888888889
1674,4.946666666666667,12.154444444444445
1675,4.157500000000001,12.15611111111111
1676,6.072777777777778,12.15638888888889
1677,4.556388888888889,12.162777777777778
1678,5.179166666666667,12.164166666666667
1679,4.265833333333333,12.165555555555557
1680,4.780833333333334,12.169444444444444
1681,5.054444444444444,12.169444444444444
1682,4.485833333333334,12.170833333333333
1683,4.851111111111111,12.172222222222222
1684,4.588888888888889,12.17611111111111
1685,4.450277777777778,12.179166666666665
1686,5.155555555555556,12.187222222222223
1687,4.598888888888888,12.189166666666667
1688,5.866111111111111,12.189722222222223
1689,4.3025,12.193333333333333
1690,4.9013888888888895,12.196944444444444
1691,5.026388888888889,12.198055555555555
1692,5.109999999999999,12.209722222222222
1693,5.192777777777778,12.211944444444443
1694,4.718055555555556,12.212222222222222
1695,4.813611111111111,12.225555555555555
1696,4.507777777777778,12.238888888888889
1697,4.717222222222222,12.251388888888888
1698,4.136111111111112,12.257777777777777
1699,4.388055555555556,12.259444444444444
1700,4.255,12.260555555555555
1701,5.220833333333333,12.266944444444444
1702,4.610555555555555,12.272222222222224
1703,4.2716666666666665,12.273055555555556
1704,5.075,12.282222222222224
1705,4.755,12.28277777777778
1706,4.9225,12.284444444444444
1707,4.118888888888889,12.286666666666667
1708,5.236944444444444,12.29111111111111
1709,5.743055555555555,12.293888888888889
1710,5.075277777777777,12.29861111111111
1711,5.373611111111111,12.302777777777779
1712,5.111111111111111,12.306666666666667
1713,4.433611111111111,12.323888888888888
1714,5.419722222222222,12.331388888888888
1715,4.9655555555555555,12.336944444444445
1716,4.9944444444444445,12.339166666666667
1717,4.879444444444445,12.340555555555556
1718,4.613888888888889,12.341666666666667
1719,4.477222222222222,12.342500000000001
1720,4.908611111111111,12.344722222222222
1721,5.231944444444444,12.345
1722,5.089444444444444,12.345555555555556
1723,4.899166666666666,12.346111111111112
1724,4.540277777777778,12.354166666666666
1725,4.991666666666667,12.362777777777778
1726,4.844444444444444,12.36888888888889
1727,4.22,12.373055555555556
1728,4.301666666666667,12.38
1729,4.7588888888888885,12.384722222222221
1730,4.444444444444445,12.386111111111111
1731,4.8625,12.389166666666666
1732,5.310833333333333,12.391944444444444
1733,4.951666666666667,12.393333333333333
1734,4.105555555555555,12.395277777777777
1735,4.968055555555556,12.39611111111111
1736,4.617500000000001,12.398055555555555
1737,4.911388888888889,12.405833333333334
1738,5.085833333333333,12.412777777777778
1739,4.691944444444444,12.413611111111111
1740,4.615277777777777,12.423333333333332
1741,4.791944444444444,12.426944444444445
1742,5.536111111111111,12.429444444444444
1743,5.4925,12.43361111111111
1744,4.495555555555556,12.435833333333333
1745,4.5488888888888885,12.438333333333334
1746,4.569722222222222,12.447777777777778
1747,4.796666666666667,12.450277777777776
1748,5.085277777777778,12.453333333333333
1749,4.854722222222222,12.457777777777777
1750,4.895277777777777,12.458055555555555
1751,4.575555555555555,12.462222222222222
1752,5.213611111111112,12.462222222222222
1753,5.791666666666667,12.46861111111111
1754,4.75,12.470555555555556
1755,4.979444444444445,12.474722222222223
1756,5.125277777777777,12.476666666666667
1757,4.473888888888889,12.477222222222222
1758,5.057222222222222,12.47861111111111
1759,5.415277777777778,12.480277777777777
1760,5.214166666666667,12.4825
1761,4.484166666666667,12.489722222222222
1762,5.3875,12.497777777777777
1763,5.138333333333334,12.501944444444444
1764,4.670555555555556,12.506944444444445
1765,5.271111111111111,12.508333333333333
1766,4.529722222222222,12.527777777777779
1767,5.658611111111111,12.528055555555556
1768,4.765555555555555,12.530833333333334
1769,5.071111111111111,12.532222222222224
1770,5.546944444444445,12.550833333333333
1771,4.959722222222222,12.550833333333333
1772,5.187222222222222,12.556111111111111
1773,4.767777777777778,12.556666666666667
1774,5.120833333333333,12.568333333333333
1775,5.1925,12.571944444444444
1776,5.053888888888888,12.58888888888889
1777,4.482777777777778,12.590833333333334
1778,4.958611111111111,12.592777777777778
1779,4.899444444444444,12.608333333333333
1780,5.094166666666666,12.609722222222222
1781,5.139166666666667,12.616388888888888
1782,4.968055555555556,12.634444444444444
1783,4.971111111111111,12.641944444444444
1784,4.345277777777778,12.64472222222222
1785,4.979166666666667,12.645
1786,5.113333333333333,12.648888888888889
1787,4.701388888888889,12.653611111111111
1788,4.414444444444444,12.655000000000001
1789,5.523055555555556,12.665833333333333
1790,4.4847222222222225,12.665833333333333
1791,5.09,12.667777777777777
1792,5.3630555555555555,12.669722222222221
1793,4.819722222222222,12.675277777777778
1794,4.715,12.68
1795,4.690833333333334,12.681388888888888
1796,5.1369444444444445,12.683055555555555
1797,4.62,12.703055555555554
1798,5.009722222222222,12.718055555555555
1799,5.165555555555556,12.726666666666667
1800,5.476944444444444,12.749166666666666
1801,4.820833333333333,12.758888888888889
1802,4.696388888888889,12.759722222222223
1803,4.806111111111111,12.761111111111111
1804,5.358888888888888,12.763333333333334
1805,5.0586111111111105,12.767222222222223
1806,4.6475,12.770277777777778
1807,4.868611111111112,12.770833333333334
1808,5.476666666666667,12.7825
1809,5.1775,12.812777777777779
1810,5.514444444444444,12.817777777777778
1811,5.583888888888889,12.821388888888889
1812,6.135833333333334,12.839444444444444
1813,5.495833333333334,12.841944444444445
1814,5.005277777777778,12.841944444444445
1815,4.953333333333333,12.843333333333334
1816,5.619722222222222,12.843611111111112
1817,5.349444444444444,12.845555555555556
1818,5.940555555555556,12.853055555555555
1819,4.492222222222222,12.85611111111111
1820,4.805833333333333,12.85611111111111
1821,5.2588888888888885,12.863888888888889
1822,5.183333333333334,12.866111111111111
1823,5.9325,12.875277777777779
1824,5.335277777777778,12.877222222222223
1825,6.271388888888889,12.88888888888889
1826,6.023333333333333,12.899722222222222
1827,5.349722222222222,12.901111111111112
1828,4.4413888888888895,12.920555555555556
1829,4.744722222222222,12.9225
1830,5.065277777777777,12.926666666666666
1831,5.513055555555556,12.927777777777777
1832,4.983333333333333,12.928333333333333
1833,5.472777777777778,12.935833333333333
1834,6.379722222222222,12.946666666666667
1835,4.767777777777778,12.946944444444444
1836,5.645277777777777,12.95
1837,4.446111111111112,12.950833333333332
1838,4.280833333333334,12.95722222222222
1839,5.418611111111112,12.960555555555555
1840,4.964166666666667,12.976111111111111
1841,4.625277777777778,12.986388888888888
1842,5.505277777777778,12.991666666666665
1843,5.345555555555555,12.995833333333332
1844,5.568611111111111,13.02638888888889
1845,5.437777777777778,13.038055555555555
1846,5.0119444444444445,13.043055555555556
1847,5.157500000000001,13.046388888888888
1848,4.990555555555556,13.052222222222223
1849,5.3275,13.053333333333335
1850,6.129444444444444,13.06027777777778
1851,4.931666666666667,13.062222222222223
1852,5.240555555555556,13.06861111111111
1853,4.756388888888889,13.074166666666667
1854,5.624444444444445,13.091666666666667
1855,5.507777777777778,13.093611111111112
1856,5.041111111111111,13.100833333333332
1857,5.181111111111111,13.101666666666667
1858,4.653333333333333,13.118333333333334
1859,5.732222222222222,13.120833333333334
1860,5.216944444444445,13.1225
1861,4.587222222222222,13.131388888888889
1862,4.808055555555556,13.133333333333333
1863,5.004444444444444,13.143055555555556
1864,5.529166666666667,13.147777777777778
1865,5.571666666666666,13.189166666666667
1866,5.6925,13.203055555555554
1867,5.359444444444444,13.20611111111111
1868,5.109166666666666,13.2175
1869,5.554444444444444,13.230555555555556
1870,5.28,13.233055555555556
1871,5.312222222222222,13.237499999999999
1872,5.2825,13.237777777777778
1873,4.749722222222222,13.239444444444443
1874,4.952777777777778,13.243888888888888
1875,5.374722222222222,13.263055555555555
1876,5.414722222222222,13.265277777777778
1877,5.4225,13.274722222222223
1878,5.651111111111112,13.27888888888889
1879,4.667222222222223,13.2825
1880,5.0055555555555555,13.298055555555555
1881,5.320555555555555,13.3225
1882,5.216388888888889,13.32638888888889
1883,5.083055555555555,13.329166666666666
1884,5.062777777777778,13.353333333333333
1885,5.092499999999999,13.356666666666666
1886,5.595555555555555,13.359166666666667
1887,6.312777777777778,13.370555555555557
1888,4.898055555555555,13.377777777777778
1889,6.273888888888889,13.381666666666668
1890,4.958888888888889,13.385555555555555
1891,5.302222222222222,13.391944444444444
1892,5.9880555555555555,13.395555555555555
1893,4.8822222222222225,13.401666666666667
1894,5.807777777777778,13.405555555555557
1895,5.587222222222222,13.4125
1896,5.003611111111111,13.41388888888889
1897,6.450555555555556,13.42361111111111
1898,5.817222222222222,13.435833333333333
1899,5.231111111111111,13.439166666666667
1900,6.841944444444444,13.442222222222222
1901,5.075277777777777,13.448333333333334
1902,5.2275,13.450277777777776
1903,5.307222222222222,13.454166666666666
1904,5.373888888888889,13.454166666666666
1905,4.802777777777778,13.477222222222222
1906,5.816111111111111,13.493055555555555
1907,5.876111111111111,13.499444444444444
1908,6.333333333333333,13.511944444444444
1909,4.760555555555555,13.516944444444444
1910,5.7427777777777775,13.520555555555557
1911,5.073055555555555,13.53138888888889
1912,5.6913888888888895,13.540277777777778
1913,5.478611111111111,13.544166666666667
1914,5.418611111111112,13.546666666666667
1915,4.752222222222223,13.547222222222222
1916,5.48,13.563611111111111
1917,5.577222222222222,13.570277777777777
1918,5.466388888888889,13.5775
1919,6.161388888888889,13.580277777777777
1920,6.198333333333333,13.596111111111112
1921,5.5616666666666665,13.610833333333334
1922,5.387777777777778,13.615277777777777
1923,5.265555555555555,13.618333333333334
1924,4.939166666666667,13.63361111111111
1925,6.186388888888889,13.636944444444444
1926,4.9816666666666665,13.651666666666667
1927,5.841388888888889,13.65638888888889
1928,5.435555555555556,13.665833333333333
1929,5.470833333333333,13.676388888888889
1930,5.583333333333333,13.68388888888889
1931,5.769722222222222,13.695833333333333
1932,5.838888888888889,13.711388888888887
1933,5.707222222222223,13.716944444444444
1934,4.998055555555555,13.720555555555556
1935,4.948333333333333,13.73472222222222
1936,5.661388888888889,13.735833333333332
1937,5.5275,13.754444444444445
1938,5.526388888888889,13.754722222222222
1939,6.198611111111111,13.762222222222222
1940,6.177777777777778,13.766666666666667
1941,6.89,13.766944444444444
1942,5.950555555555556,13.768333333333334
1943,5.46,13.775555555555556
1944,5.3711111111111105,13.785277777777777
1945,5.064166666666667,13.787222222222223
1946,5.318333333333333,13.787777777777778
1947,4.798333333333333,13.806944444444445
1948,5.16388888888889,13.822777777777777
1949,6.333888888888889,13.843055555555557
1950,4.910833333333334,13.843333333333334
1951,5.133055555555555,13.856388888888889
1952,6.078611111111111,13.868055555555555
1953,5.342499999999999,13.878333333333334
1954,5.442777777777778,13.883055555555556
1955,6.273055555555556,13.889444444444443
1956,5.504722222222222,13.896944444444443
1957,5.246944444444445,13.898055555555555
1958,5.875555555555556,13.91
1959,5.445277777777778,13.912777777777778
1960,5.617777777777778,13.917499999999999
1961,5.2844444444444445,13.91861111111111
1962,5.2225,13.943055555555556
1963,5.814166666666667,13.943888888888889
1964,5.844166666666666,13.945277777777777
1965,4.763888888888889,13.962222222222222
1966,5.434722222222223,13.975
1967,5.617777777777778,13.988888888888889
1968,5.301944444444445,13.990833333333333
1969,5.917777777777778,13.991944444444444
1970,4.826666666666666,14.003055555555555
1971,5.525277777777777,14.012222222222222
1972,5.023888888888889,14.014722222222222
1973,6.376666666666666,14.015833333333333
1974,6.733611111111111,14.021111111111113
1975,5.783055555555555,14.02888888888889
1976,6.871111111111111,14.029166666666667
1977,5.790277777777778,14.035277777777777
1978,5.5825,14.039722222222222
1979,5.724444444444445,14.063611111111111
1980,6.036388888888888,14.075555555555555
1981,5.708055555555556,14.08361111111111
1982,6.126944444444444,14.0875
1983,5.580277777777778,14.096666666666668
1984,5.480277777777778,14.100833333333332
1985,5.090833333333333,14.104722222222222
1986,5.910833333333334,14.11888888888889
1987,5.9622222222222225,14.1325
1988,5.706388888888889,14.135
1989,5.196944444444445,14.135833333333332
1990,4.988333333333333,14.139444444444443
1991,5.889166666666666,14.145555555555555
1992,4.509722222222222,14.151944444444444
1993,6.031111111111111,14.181944444444444
1994,6.060555555555555,14.192222222222222
1995,5.579444444444444,14.1975
1996,5.1433333333333335,14.204722222222221
1997,5.221111111111111,14.208055555555555
1998,5.932777777777778,14.210277777777778
1999,5.620555555555556,14.23861111111111
2000,6.152222222222223,14.24611111111111
2001,5.417222222222223,14.255
2002,4.877222222222223,14.255
2003,6.958611111111111,14.257222222222222
2004,5.365833333333333,14.273333333333333
2005,5.368888888888889,14.297777777777778
2006,6.595277777777778,14.312777777777779
2007,5.648055555555555,14.334444444444445
2008,6.188611111111111,14.373055555555556
2009,5.745555555555556,14.383055555555556
2010,5.37611111111111,14.386944444444444
2011,5.753055555555555,14.393611111111111
2012,5.083611111111111,14.397222222222222
2013,5.6191666666666675,14.41
2014,6.888333333333333,14.413611111111111
2015,5.227777777777778,14.414444444444445
2016,5.1066666666666665,14.417222222222222
2017,6.570277777777777,14.420277777777777
2018,5.587222222222222,14.420555555555556
2019,5.4880555555555555,14.450555555555555
2020,5.703333333333333,14.458055555555555
2021,5.888333333333333,14.459722222222222
2022,5.730555555555556,14.4675
2023,5.01,14.469166666666666
2024,5.912222222222223,14.471666666666668
2025,5.850833333333333,14.480277777777777
2026,5.590277777777778,14.480555555555556
2027,6.196666666666667,14.486944444444443
2028,5.902500000000001,14.498888888888889
2029,5.671388888888889,14.502222222222223
2030,6.209444444444444,14.530555555555557
2031,5.998333333333333,14.533055555555556
2032,6.158333333333334,14.533055555555556
2033,6.557222222222222,14.536111111111111
2034,5.885555555555555,14.546666666666667
2035,5.801388888888889,14.556111111111111
2036,5.3502777777777775,14.561944444444444
2037,6.100555555555555,14.567222222222222
2038,6.026666666666666,14.570277777777777
2039,5.634166666666666,14.5875
2040,6.979722222222223,14.595
2041,5.568888888888889,14.6
2042,6.174722222222223,14.60361111111111
2043,6.442222222222222,14.60361111111111
2044,6.2941666666666665,14.61
2045,6.025555555555555,14.616944444444444
2046,5.574722222222222,14.618333333333334
2047,5.560555555555555,14.621944444444445
2048,5.825277777777777,14.626944444444446
2049,5.948888888888889,14.643055555555556
2050,6.471111111111111,14.644166666666667
2051,5.081388888888888,14.647222222222222
2052,5.916388888888889,14.655833333333334
2053,5.8005555555555555,14.711666666666666
2054,6.377222222222222,14.716666666666667
2055,5.7138888888888895,14.739722222222222
2056,6.867500000000001,14.74111111111111
2057,5.963333333333334,14.742222222222221
2058,6.009166666666666,14.749166666666666
2059,6.016111111111111,14.754444444444445
2060,6.299444444444444,14.77138888888889
2061,6.250277777777778,14.798055555555555
2062,5.730555555555556,14.79861111111111
2063,6.551111111111111,14.800833333333333
2064,5.703888888888889,14.814722222222223
2065,6.993611111111111,14.834444444444445
2066,6.290555555555556,14.84
2067,5.481388888888889,14.851944444444444
2068,5.816944444444444,14.912777777777778
2069,6.159722222222222,14.917777777777777
2070,5.878055555555556,14.939722222222223
2071,6.653333333333333,14.948611111111111
2072,6.733888888888889,14.950555555555555
2073,6.407500000000001,14.952777777777778
2074,5.773333333333333,14.955555555555556
2075,6.056111111111111,14.958888888888888
2076,6.478055555555556,14.968333333333334
2077,6.2683333333333335,14.970277777777778
2078,6.346388888888889,14.971388888888889
2079,6.773333333333333,14.98
2080,5.775277777777777,14.993055555555555
2081,7.548333333333333,15.0025
2082,5.606388888888889,15.00611111111111
2083,6.2775,15.011388888888888
2084,5.976944444444444,15.01888888888889
2085,6.403333333333333,15.039722222222222
2086,6.848333333333333,15.061388888888889
2087,6.881666666666667,15.096944444444444
2088,6.756944444444445,15.114444444444445
2089,5.604722222222222,15.120000000000001
2090,6.156388888888889,15.127222222222223
2091,6.106944444444444,15.131388888888889
2092,6.726666666666667,15.13361111111111
2093,6.034166666666667,15.143333333333333
2094,6.594444444444444,15.147777777777778
2095,5.563888888888889,15.156944444444445
2096,6.429722222222223,15.168333333333333
2097,7.2725,15.169444444444444
2098,5.537222222222222,15.224722222222223
2099,6.206388888888889,15.226666666666667
2100,6.074166666666667,15.22861111111111
2101,6.500277777777778,15.254444444444445
2102,5.933333333333334,15.256388888888889
2103,6.570277777777777,15.265277777777778
2104,6.084444444444444,15.27138888888889
2105,6.541666666666667,15.276666666666667
2106,6.552777777777778,15.304444444444446
2107,6.096388888888889,15.305000000000001
2108,6.531111111111111,15.315277777777778
2109,6.328611111111111,15.32
2110,6.620277777777778,15.329166666666666
2111,6.166944444444445,15.329722222222221
2112,5.839166666666666,15.350277777777777
2113,6.601666666666667,15.353055555555555
2114,5.998333333333333,15.35388888888889
2115,6.113888888888889,15.421666666666667
2116,6.089166666666666,15.42611111111111
2117,7.154444444444445,15.43
2118,6.878611111111112,15.430833333333332
2119,6.9494444444444445,15.435277777777777
2120,7.048055555555555,15.4375
2121,6.365555555555555,15.447222222222223
2122,6.314444444444444,15.449722222222222
2123,5.494166666666667,15.461944444444443
2124,7.2091666666666665,15.47
2125,6.211944444444445,15.479722222222222
2126,5.963055555555556,15.48472222222222
2127,6.947500000000001,15.493888888888888
2128,5.679722222222223,15.510277777777778
2129,6.15,15.533333333333333
2130,6.636111111111111,15.5425
2131,6.883055555555556,15.544722222222221
2132,6.208055555555556,15.568333333333333
2133,6.330555555555556,15.582777777777778
2134,6.908333333333334,15.608333333333333
2135,6.206111111111111,15.620000000000001
2136,6.326388888888888,15.637777777777778
2137,6.726666666666667,15.639722222222222
2138,6.37611111111111,15.643055555555556
2139,6.083888888888889,15.650277777777777
2140,6.65,15.653611111111111
2141,6.411111111111111,15.660833333333334
2142,6.103333333333333,15.661111111111111
2143,6.187777777777778,15.66388888888889
2144,6.387777777777778,15.677222222222222
2145,6.0811111111111105,15.698611111111111
2146,6.609444444444444,15.702222222222222
2147,6.843333333333333,15.73
2148,6.8069444444444445,15.735
2149,6.233055555555556,15.755277777777778
2150,6.086944444444444,15.7575
2151,6.055,15.759166666666667
2152,6.229444444444445,15.788333333333334
2153,6.775,15.796666666666667
2154,6.923055555555556,15.797222222222222
2155,7.1352777777777785,15.807222222222222
2156,6.602777777777778,15.821111111111112
2157,6.594444444444444,15.823888888888888
2158,6.08,15.833055555555555
2159,6.402777777777779,15.840277777777779
2160,7.4158333333333335,15.840555555555556
2161,6.373055555555555,15.87138888888889
2162,7.059166666666666,15.883055555555556
2163,6.461388888888889,15.913333333333334
2164,6.824722222222222,15.94111111111111
2165,8.493611111111111,15.964444444444444
2166,6.579166666666667,15.973333333333333
2167,6.647777777777777,15.975555555555555
2168,6.294444444444444,15.986944444444443
2169,6.3438888888888885,16.00722222222222
2170,6.3244444444444445,16.011388888888888
2171,6.582777777777777,16.023333333333333
2172,6.925000000000001,16.046111111111113
2173,6.545277777777778,16.046944444444446
2174,7.208333333333334,16.06861111111111
2175,6.9319444444444445,16.09861111111111
2176,6.116388888888888,16.122777777777777
2177,6.303888888888888,16.154444444444444
2178,6.7975,16.171111111111113
2179,6.700555555555556,16.174166666666668
2180,6.475555555555555,16.175
2181,6.3852777777777785,16.2
2182,6.479444444444445,16.266111111111112
2183,6.847222222222222,16.270555555555553
2184,6.3741666666666665,16.273888888888887
2185,6.169444444444445,16.2825
2186,6.4927777777777775,16.343333333333334
2187,6.837222222222222,16.343888888888888
2188,7.681111111111111,16.35666666666667
2189,7.082222222222222,16.36861111111111
2190,6.108888888888888,16.385833333333334
2191,6.313055555555556,16.39611111111111
2192,7.0825,16.433333333333334
2193,7.766111111111111,16.450833333333332
2194,6.907500000000001,16.51888888888889
2195,6.3469444444444445,16.526944444444442
2196,7.160277777777778,16.530277777777776
2197,7.033333333333333,16.53611111111111
2198,6.777222222222222,16.56138888888889
2199,8.11111111111111,16.571944444444444
2200,6.942777777777778,16.584444444444443
2201,7.551388888888889,16.586666666666666
2202,6.617222222222223,16.61527777777778
2203,7.118888888888889,16.71222222222222
2204,7.292222222222222,16.718888888888888
2205,6.538333333333333,16.72472222222222
2206,7.321666666666666,16.731666666666666
2207,8.271666666666668,16.738611111111112
2208,7.155,16.742222222222225
2209,7.953888888888889,16.7425
2210,6.311111111111111,16.749166666666667
2211,6.512222222222222,16.776666666666667
2212,7.302777777777778,16.851111111111113
2213,6.945833333333334,16.852222222222224
2214,6.854722222222222,16.889166666666664
2215,6.471388888888889,16.896944444444443
2216,6.6947222222222225,16.90138888888889
2217,8.004444444444445,16.948611111111113
